<?xml version="1.0"?>
<opencv_storage>
<cascade>
  <stageType>BOOST</stageType>
  <featureType>HAAR</featureType>
  <height>64</height>
  <width>64</width>
  <stageParams>
    <boostType>GAB</boostType>
    <minHitRate>9.9000000953674316e-01</minHitRate>
    <maxFalseAlarm>5.0000000000000000e-01</maxFalseAlarm>
    <weightTrimRate>9.4999999999999996e-01</weightTrimRate>
    <maxDepth>1</maxDepth>
    <maxWeakCount>100</maxWeakCount></stageParams>
  <featureParams>
    <maxCatCount>0</maxCatCount>
    <featSize>1</featSize>
    <mode>BASIC</mode></featureParams>
  <stageNum>10</stageNum>
  <stages>
    <!-- stage 0 -->
    <_>
      <maxWeakCount>6</maxWeakCount>
      <stageThreshold>-1.1890324354171753e+00</stageThreshold>
      <weakClassifiers>
        <_>
          <internalNodes>
            0 -1 8 -9.3865916132926941e-02</internalNodes>
          <leafValues>
            6.0483872890472412e-01 -7.9681277275085449e-01</leafValues></_>
        <_>
          <internalNodes>
            0 -1 24 -2.2149928845465183e-03</internalNodes>
          <leafValues>
            8.7015730142593384e-01 -3.7297543883323669e-01</leafValues></_>
        <_>
          <internalNodes>
            0 -1 33 -1.5296889469027519e-02</internalNodes>
          <leafValues>
            4.1927707195281982e-01 -6.1071062088012695e-01</leafValues></_>
        <_>
          <internalNodes>
            0 -1 40 -3.7801021244376898e-03</internalNodes>
          <leafValues>
            8.3778047561645508e-01 -2.9845711588859558e-01</leafValues></_>
        <_>
          <internalNodes>
            0 -1 59 2.2679319954477251e-05</internalNodes>
          <leafValues>
            2.9811868071556091e-01 -8.9036989212036133e-01</leafValues></_>
        <_>
          <internalNodes>
            0 -1 51 -2.3957262746989727e-03</internalNodes>
          <leafValues>
            5.9180486202239990e-01 -4.0226960182189941e-01</leafValues></_></weakClassifiers></_>
    <!-- stage 1 -->
    <_>
      <maxWeakCount>5</maxWeakCount>
      <stageThreshold>-5.7703483104705811e-01</stageThreshold>
      <weakClassifiers>
        <_>
          <internalNodes>
            0 -1 23 -2.2463067434728146e-03</internalNodes>
          <leafValues>
            8.3486241102218628e-01 -5.3198128938674927e-01</leafValues></_>
        <_>
          <internalNodes>
            0 -1 42 -1.1085143778473139e-03</internalNodes>
          <leafValues>
            8.5697406530380249e-01 -2.5828519463539124e-01</leafValues></_>
        <_>
          <internalNodes>
            0 -1 11 1.6113564372062683e-01</internalNodes>
          <leafValues>
            2.1835620701313019e-01 -1.</leafValues></_>
        <_>
          <internalNodes>
            0 -1 7 -9.4885095953941345e-02</internalNodes>
          <leafValues>
            -8.1782460212707520e-01 2.3991689085960388e-01</leafValues></_>
        <_>
          <internalNodes>
            0 -1 31 -2.8083659708499908e-03</internalNodes>
          <leafValues>
            9.4043958187103271e-01 -2.4504144489765167e-01</leafValues></_></weakClassifiers></_>
    <!-- stage 2 -->
    <_>
      <maxWeakCount>7</maxWeakCount>
      <stageThreshold>-1.3379999399185181e+00</stageThreshold>
      <weakClassifiers>
        <_>
          <internalNodes>
            0 -1 56 -3.4012000542134047e-03</internalNodes>
          <leafValues>
            9.5652174949645996e-01 -5.1367783546447754e-01</leafValues></_>
        <_>
          <internalNodes>
            0 -1 39 -1.5902305021882057e-03</internalNodes>
          <leafValues>
            8.7034267187118530e-01 -2.1757386624813080e-01</leafValues></_>
        <_>
          <internalNodes>
            0 -1 44 1.0766760169644840e-05</internalNodes>
          <leafValues>
            2.9577735066413879e-01 -7.4597859382629395e-01</leafValues></_>
        <_>
          <internalNodes>
            0 -1 25 1.3217137893661857e-03</internalNodes>
          <leafValues>
            -2.5449088215827942e-01 8.7499374151229858e-01</leafValues></_>
        <_>
          <internalNodes>
            0 -1 44 -2.1490865037776530e-05</internalNodes>
          <leafValues>
            -7.1397840976715088e-01 3.0609709024429321e-01</leafValues></_>
        <_>
          <internalNodes>
            0 -1 36 2.0111396443098783e-03</internalNodes>
          <leafValues>
            -2.2780391573905945e-01 9.0115845203399658e-01</leafValues></_>
        <_>
          <internalNodes>
            0 -1 37 -4.2121246224269271e-05</internalNodes>
          <leafValues>
            -6.7131489515304565e-01 2.9374757409095764e-01</leafValues></_></weakClassifiers></_>
    <!-- stage 3 -->
    <_>
      <maxWeakCount>5</maxWeakCount>
      <stageThreshold>-7.7540606260299683e-01</stageThreshold>
      <weakClassifiers>
        <_>
          <internalNodes>
            0 -1 0 -5.1845382899045944e-02</internalNodes>
          <leafValues>
            -7.7637130022048950e-01 4.2753621935844421e-01</leafValues></_>
        <_>
          <internalNodes>
            0 -1 41 -4.2974464595317841e-03</internalNodes>
          <leafValues>
            9.1894739866256714e-01 -3.6171296238899231e-01</leafValues></_>
        <_>
          <internalNodes>
            0 -1 35 2.6274258270859718e-03</internalNodes>
          <leafValues>
            -3.1497421860694885e-01 7.6814842224121094e-01</leafValues></_>
        <_>
          <internalNodes>
            0 -1 16 -2.6210658688796684e-05</internalNodes>
          <leafValues>
            -7.3438954353332520e-01 3.6111781001091003e-01</leafValues></_>
        <_>
          <internalNodes>
            0 -1 12 -1.1510113254189491e-03</internalNodes>
          <leafValues>
            -7.5512444972991943e-01 3.1653463840484619e-01</leafValues></_></weakClassifiers></_>
    <!-- stage 4 -->
    <_>
      <maxWeakCount>8</maxWeakCount>
      <stageThreshold>-1.1674367189407349e+00</stageThreshold>
      <weakClassifiers>
        <_>
          <internalNodes>
            0 -1 57 -2.8431047685444355e-03</internalNodes>
          <leafValues>
            8.4158414602279663e-01 -5.1617872714996338e-01</leafValues></_>
        <_>
          <internalNodes>
            0 -1 15 3.5637591034173965e-02</internalNodes>
          <leafValues>
            -3.1734439730644226e-01 5.9654170274734497e-01</leafValues></_>
        <_>
          <internalNodes>
            0 -1 26 5.6501303333789110e-04</internalNodes>
          <leafValues>
            -2.9866006970405579e-01 5.8806377649307251e-01</leafValues></_>
        <_>
          <internalNodes>
            0 -1 46 5.8341007679700851e-03</internalNodes>
          <leafValues>
            -1.5457890927791595e-01 9.3446612358093262e-01</leafValues></_>
        <_>
          <internalNodes>
            0 -1 50 -2.1562119945883751e-03</internalNodes>
          <leafValues>
            9.2182350158691406e-01 -1.1535952985286713e-01</leafValues></_>
        <_>
          <internalNodes>
            0 -1 13 7.2656059637665749e-03</internalNodes>
          <leafValues>
            -1.8134231865406036e-01 7.2028446197509766e-01</leafValues></_>
        <_>
          <internalNodes>
            0 -1 21 -2.6405770331621170e-02</internalNodes>
          <leafValues>
            6.8456429243087769e-01 -2.3254774510860443e-01</leafValues></_>
        <_>
          <internalNodes>
            0 -1 29 -2.0556850358843803e-02</internalNodes>
          <leafValues>
            6.8208187818527222e-01 -2.5305178761482239e-01</leafValues></_></weakClassifiers></_>
    <!-- stage 5 -->
    <_>
      <maxWeakCount>7</maxWeakCount>
      <stageThreshold>-1.0064750909805298e+00</stageThreshold>
      <weakClassifiers>
        <_>
          <internalNodes>
            0 -1 6 -7.9397615045309067e-03</internalNodes>
          <leafValues>
            -4.6865671873092651e-01 8.0000001192092896e-01</leafValues></_>
        <_>
          <internalNodes>
            0 -1 28 -1.7170852422714233e-01</internalNodes>
          <leafValues>
            4.1227117180824280e-01 -5.0144660472869873e-01</leafValues></_>
        <_>
          <internalNodes>
            0 -1 22 -1.0490889508218970e-05</internalNodes>
          <leafValues>
            -7.2595906257629395e-01 3.1779435276985168e-01</leafValues></_>
        <_>
          <internalNodes>
            0 -1 22 6.6143879848823417e-06</internalNodes>
          <leafValues>
            3.7382185459136963e-01 -7.6295703649520874e-01</leafValues></_>
        <_>
          <internalNodes>
            0 -1 58 1.4797765288676601e-05</internalNodes>
          <leafValues>
            9.4624273478984833e-02 -7.8989249467849731e-01</leafValues></_>
        <_>
          <internalNodes>
            0 -1 49 -2.1542087779380381e-05</internalNodes>
          <leafValues>
            -8.4656327962875366e-01 1.7117428779602051e-01</leafValues></_>
        <_>
          <internalNodes>
            0 -1 32 1.4165148968459107e-05</internalNodes>
          <leafValues>
            1.4299230277538300e-01 -8.4038406610488892e-01</leafValues></_></weakClassifiers></_>
    <!-- stage 6 -->
    <_>
      <maxWeakCount>5</maxWeakCount>
      <stageThreshold>-6.3841950893402100e-01</stageThreshold>
      <weakClassifiers>
        <_>
          <internalNodes>
            0 -1 32 -1.1221334716537967e-05</internalNodes>
          <leafValues>
            -8.8612097501754761e-01 -2.1321962121874094e-03</leafValues></_>
        <_>
          <internalNodes>
            0 -1 14 3.5616161767393351e-05</internalNodes>
          <leafValues>
            1.6530150175094604e-01 -8.3271819353103638e-01</leafValues></_>
        <_>
          <internalNodes>
            0 -1 14 -2.1748774088337086e-05</internalNodes>
          <leafValues>
            -6.6437190771102905e-01 3.0972081422805786e-01</leafValues></_>
        <_>
          <internalNodes>
            0 -1 2 -9.6377190202474594e-03</internalNodes>
          <leafValues>
            -2.8643822669982910e-01 7.8588467836380005e-01</leafValues></_>
        <_>
          <internalNodes>
            0 -1 3 -2.3366032110061496e-05</internalNodes>
          <leafValues>
            -8.2487142086029053e-01 2.3451110720634460e-01</leafValues></_></weakClassifiers></_>
    <!-- stage 7 -->
    <_>
      <maxWeakCount>8</maxWeakCount>
      <stageThreshold>-6.2464123964309692e-01</stageThreshold>
      <weakClassifiers>
        <_>
          <internalNodes>
            0 -1 20 2.7899129781872034e-03</internalNodes>
          <leafValues>
            -4.5269286632537842e-01 9.6825397014617920e-01</leafValues></_>
        <_>
          <internalNodes>
            0 -1 55 -1.0241923853754997e-02</internalNodes>
          <leafValues>
            7.5935912132263184e-01 -2.3606353998184204e-01</leafValues></_>
        <_>
          <internalNodes>
            0 -1 4 1.3900022167945281e-05</internalNodes>
          <leafValues>
            1.9750894606113434e-01 -9.0204590559005737e-01</leafValues></_>
        <_>
          <internalNodes>
            0 -1 30 3.2345431391149759e-03</internalNodes>
          <leafValues>
            -1.7681989073753357e-01 8.1690448522567749e-01</leafValues></_>
        <_>
          <internalNodes>
            0 -1 48 5.9617832448566332e-06</internalNodes>
          <leafValues>
            2.7968770265579224e-01 -6.9003075361251831e-01</leafValues></_>
        <_>
          <internalNodes>
            0 -1 38 1.3795818667858839e-03</internalNodes>
          <leafValues>
            -2.7262514829635620e-01 6.4739847183227539e-01</leafValues></_>
        <_>
          <internalNodes>
            0 -1 18 7.0687656261725351e-06</internalNodes>
          <leafValues>
            3.1592360138893127e-01 -5.6176710128784180e-01</leafValues></_>
        <_>
          <internalNodes>
            0 -1 45 7.5743644265457988e-04</internalNodes>
          <leafValues>
            -2.7956002950668335e-01 6.3762384653091431e-01</leafValues></_></weakClassifiers></_>
    <!-- stage 8 -->
    <_>
      <maxWeakCount>7</maxWeakCount>
      <stageThreshold>-8.1751811504364014e-01</stageThreshold>
      <weakClassifiers>
        <_>
          <internalNodes>
            0 -1 10 3.0868696048855782e-02</internalNodes>
          <leafValues>
            -5.2305245399475098e-01 6.5289258956909180e-01</leafValues></_>
        <_>
          <internalNodes>
            0 -1 48 -1.6639052773825824e-05</internalNodes>
          <leafValues>
            -8.4309911727905273e-01 2.3648454248905182e-01</leafValues></_>
        <_>
          <internalNodes>
            0 -1 19 -3.6847781389951706e-02</internalNodes>
          <leafValues>
            6.5647530555725098e-01 -2.7845329046249390e-01</leafValues></_>
        <_>
          <internalNodes>
            0 -1 53 6.1276732012629509e-03</internalNodes>
          <leafValues>
            -1.7578527331352234e-01 8.5889869928359985e-01</leafValues></_>
        <_>
          <internalNodes>
            0 -1 1 1.7329858615994453e-02</internalNodes>
          <leafValues>
            -1.3467548787593842e-01 8.6738580465316772e-01</leafValues></_>
        <_>
          <internalNodes>
            0 -1 5 -7.3058567941188812e-03</internalNodes>
          <leafValues>
            7.2061008214950562e-01 -2.0118141174316406e-01</leafValues></_>
        <_>
          <internalNodes>
            0 -1 34 1.2273628090042621e-04</internalNodes>
          <leafValues>
            2.5914528965950012e-01 -9.2287176847457886e-01</leafValues></_></weakClassifiers></_>
    <!-- stage 9 -->
    <_>
      <maxWeakCount>7</maxWeakCount>
      <stageThreshold>-8.5328733921051025e-01</stageThreshold>
      <weakClassifiers>
        <_>
          <internalNodes>
            0 -1 54 -1.5273375436663628e-02</internalNodes>
          <leafValues>
            7.5000000000000000e-01 -4.7734138369560242e-01</leafValues></_>
        <_>
          <internalNodes>
            0 -1 27 2.9069389711366966e-05</internalNodes>
          <leafValues>
            -3.1755080819129944e-01 5.4269206523895264e-01</leafValues></_>
        <_>
          <internalNodes>
            0 -1 43 -9.0410921984585002e-06</internalNodes>
          <leafValues>
            4.5507091283798218e-01 -3.6191251873970032e-01</leafValues></_>
        <_>
          <internalNodes>
            0 -1 9 1.3579653576016426e-02</internalNodes>
          <leafValues>
            -2.5008529424667358e-01 5.3032463788986206e-01</leafValues></_>
        <_>
          <internalNodes>
            0 -1 47 -5.1762606744887307e-05</internalNodes>
          <leafValues>
            6.6442525386810303e-01 -2.1520704030990601e-01</leafValues></_>
        <_>
          <internalNodes>
            0 -1 17 -9.0141998953185976e-05</internalNodes>
          <leafValues>
            -6.9916826486587524e-01 2.2724761068820953e-01</leafValues></_>
        <_>
          <internalNodes>
            0 -1 52 1.2011766433715820e-02</internalNodes>
          <leafValues>
            -2.2863779962062836e-01 6.8034261465072632e-01</leafValues></_></weakClassifiers></_></stages>
  <features>
    <_>
      <rects>
        <_>
          0 1 60 3 -1.</_>
        <_>
          0 2 60 1 2.</_></rects>
      <tilted>0</tilted></_>
    <_>
      <rects>
        <_>
          0 10 8 39 -1.</_>
        <_>
          4 10 4 39 2.</_></rects>
      <tilted>0</tilted></_>
    <_>
      <rects>
        <_>
          0 16 2 48 -1.</_>
        <_>
          0 32 2 16 2.</_></rects>
      <tilted>0</tilted></_>
    <_>
      <rects>
        <_>
          0 21 1 2 -1.</_>
        <_>
          0 22 1 1 2.</_></rects>
      <tilted>0</tilted></_>
    <_>
      <rects>
        <_>
          0 62 1 2 -1.</_>
        <_>
          0 63 1 1 2.</_></rects>
      <tilted>0</tilted></_>
    <_>
      <rects>
        <_>
          1 21 8 28 -1.</_>
        <_>
          5 21 4 28 2.</_></rects>
      <tilted>0</tilted></_>
    <_>
      <rects>
        <_>
          1 61 35 3 -1.</_>
        <_>
          1 62 35 1 2.</_></rects>
      <tilted>0</tilted></_>
    <_>
      <rects>
        <_>
          2 0 56 63 -1.</_>
        <_>
          30 0 28 63 2.</_></rects>
      <tilted>0</tilted></_>
    <_>
      <rects>
        <_>
          2 25 62 9 -1.</_>
        <_>
          2 28 62 3 2.</_></rects>
      <tilted>0</tilted></_>
    <_>
      <rects>
        <_>
          3 0 45 10 -1.</_>
        <_>
          3 5 45 5 2.</_></rects>
      <tilted>0</tilted></_>
    <_>
      <rects>
        <_>
          3 1 37 12 -1.</_>
        <_>
          3 7 37 6 2.</_></rects>
      <tilted>0</tilted></_>
    <_>
      <rects>
        <_>
          3 7 54 50 -1.</_>
        <_>
          30 7 27 50 2.</_></rects>
      <tilted>0</tilted></_>
    <_>
      <rects>
        <_>
          3 63 3 1 -1.</_>
        <_>
          4 63 1 1 2.</_></rects>
      <tilted>0</tilted></_>
    <_>
      <rects>
        <_>
          4 8 6 41 -1.</_>
        <_>
          7 8 3 41 2.</_></rects>
      <tilted>0</tilted></_>
    <_>
      <rects>
        <_>
          5 62 6 2 -1.</_>
        <_>
          5 62 3 1 2.</_>
        <_>
          8 63 3 1 2.</_></rects>
      <tilted>0</tilted></_>
    <_>
      <rects>
        <_>
          6 0 35 22 -1.</_>
        <_>
          6 11 35 11 2.</_></rects>
      <tilted>0</tilted></_>
    <_>
      <rects>
        <_>
          6 62 4 2 -1.</_>
        <_>
          6 62 2 1 2.</_>
        <_>
          8 63 2 1 2.</_></rects>
      <tilted>0</tilted></_>
    <_>
      <rects>
        <_>
          11 0 8 2 -1.</_>
        <_>
          11 0 4 1 2.</_>
        <_>
          15 1 4 1 2.</_></rects>
      <tilted>0</tilted></_>
    <_>
      <rects>
        <_>
          12 0 6 2 -1.</_>
        <_>
          12 0 3 1 2.</_>
        <_>
          15 1 3 1 2.</_></rects>
      <tilted>0</tilted></_>
    <_>
      <rects>
        <_>
          14 50 42 14 -1.</_>
        <_>
          14 57 42 7 2.</_></rects>
      <tilted>0</tilted></_>
    <_>
      <rects>
        <_>
          15 25 2 25 -1.</_>
        <_>
          16 25 1 25 2.</_></rects>
      <tilted>0</tilted></_>
    <_>
      <rects>
        <_>
          15 44 45 14 -1.</_>
        <_>
          15 51 45 7 2.</_></rects>
      <tilted>0</tilted></_>
    <_>
      <rects>
        <_>
          17 0 2 2 -1.</_>
        <_>
          17 0 1 1 2.</_>
        <_>
          18 1 1 1 2.</_></rects>
      <tilted>0</tilted></_>
    <_>
      <rects>
        <_>
          17 4 2 46 -1.</_>
        <_>
          18 4 1 46 2.</_></rects>
      <tilted>0</tilted></_>
    <_>
      <rects>
        <_>
          17 8 2 38 -1.</_>
        <_>
          18 8 1 38 2.</_></rects>
      <tilted>0</tilted></_>
    <_>
      <rects>
        <_>
          19 23 2 26 -1.</_>
        <_>
          20 23 1 26 2.</_></rects>
      <tilted>0</tilted></_>
    <_>
      <rects>
        <_>
          19 25 2 20 -1.</_>
        <_>
          20 25 1 20 2.</_></rects>
      <tilted>0</tilted></_>
    <_>
      <rects>
        <_>
          19 37 2 2 -1.</_>
        <_>
          20 37 1 2 2.</_></rects>
      <tilted>0</tilted></_>
    <_>
      <rects>
        <_>
          19 40 36 21 -1.</_>
        <_>
          19 47 36 7 2.</_></rects>
      <tilted>0</tilted></_>
    <_>
      <rects>
        <_>
          25 2 29 16 -1.</_>
        <_>
          25 10 29 8 2.</_></rects>
      <tilted>0</tilted></_>
    <_>
      <rects>
        <_>
          25 22 4 15 -1.</_>
        <_>
          27 22 2 15 2.</_></rects>
      <tilted>0</tilted></_>
    <_>
      <rects>
        <_>
          27 24 4 11 -1.</_>
        <_>
          29 24 2 11 2.</_></rects>
      <tilted>0</tilted></_>
    <_>
      <rects>
        <_>
          30 0 2 2 -1.</_>
        <_>
          30 0 1 1 2.</_>
        <_>
          31 1 1 1 2.</_></rects>
      <tilted>0</tilted></_>
    <_>
      <rects>
        <_>
          30 1 3 36 -1.</_>
        <_>
          31 1 1 36 2.</_></rects>
      <tilted>0</tilted></_>
    <_>
      <rects>
        <_>
          30 60 6 2 -1.</_>
        <_>
          30 60 3 1 2.</_>
        <_>
          33 61 3 1 2.</_></rects>
      <tilted>0</tilted></_>
    <_>
      <rects>
        <_>
          31 8 4 38 -1.</_>
        <_>
          33 8 2 38 2.</_></rects>
      <tilted>0</tilted></_>
    <_>
      <rects>
        <_>
          32 3 2 53 -1.</_>
        <_>
          33 3 1 53 2.</_></rects>
      <tilted>0</tilted></_>
    <_>
      <rects>
        <_>
          33 0 14 2 -1.</_>
        <_>
          33 0 7 1 2.</_>
        <_>
          40 1 7 1 2.</_></rects>
      <tilted>0</tilted></_>
    <_>
      <rects>
        <_>
          35 24 4 8 -1.</_>
        <_>
          37 24 2 8 2.</_></rects>
      <tilted>0</tilted></_>
    <_>
      <rects>
        <_>
          40 18 2 26 -1.</_>
        <_>
          41 18 1 26 2.</_></rects>
      <tilted>0</tilted></_>
    <_>
      <rects>
        <_>
          40 21 4 27 -1.</_>
        <_>
          42 21 2 27 2.</_></rects>
      <tilted>0</tilted></_>
    <_>
      <rects>
        <_>
          40 21 4 30 -1.</_>
        <_>
          42 21 2 30 2.</_></rects>
      <tilted>0</tilted></_>
    <_>
      <rects>
        <_>
          40 29 2 19 -1.</_>
        <_>
          41 29 1 19 2.</_></rects>
      <tilted>0</tilted></_>
    <_>
      <rects>
        <_>
          40 31 2 1 -1.</_>
        <_>
          41 31 1 1 2.</_></rects>
      <tilted>0</tilted></_>
    <_>
      <rects>
        <_>
          40 62 4 2 -1.</_>
        <_>
          40 62 2 1 2.</_>
        <_>
          42 63 2 1 2.</_></rects>
      <tilted>0</tilted></_>
    <_>
      <rects>
        <_>
          42 18 2 27 -1.</_>
        <_>
          43 18 1 27 2.</_></rects>
      <tilted>0</tilted></_>
    <_>
      <rects>
        <_>
          43 11 4 33 -1.</_>
        <_>
          45 11 2 33 2.</_></rects>
      <tilted>0</tilted></_>
    <_>
      <rects>
        <_>
          43 31 2 1 -1.</_>
        <_>
          44 31 1 1 2.</_></rects>
      <tilted>0</tilted></_>
    <_>
      <rects>
        <_>
          44 62 2 2 -1.</_>
        <_>
          44 62 1 1 2.</_>
        <_>
          45 63 1 1 2.</_></rects>
      <tilted>0</tilted></_>
    <_>
      <rects>
        <_>
          46 3 2 2 -1.</_>
        <_>
          46 3 1 1 2.</_>
        <_>
          47 4 1 1 2.</_></rects>
      <tilted>0</tilted></_>
    <_>
      <rects>
        <_>
          49 1 2 59 -1.</_>
        <_>
          50 1 1 59 2.</_></rects>
      <tilted>0</tilted></_>
    <_>
      <rects>
        <_>
          52 44 3 4 -1.</_>
        <_>
          53 44 1 4 2.</_></rects>
      <tilted>0</tilted></_>
    <_>
      <rects>
        <_>
          56 7 8 40 -1.</_>
        <_>
          60 7 4 40 2.</_></rects>
      <tilted>0</tilted></_>
    <_>
      <rects>
        <_>
          59 11 4 33 -1.</_>
        <_>
          61 11 2 33 2.</_></rects>
      <tilted>0</tilted></_>
    <_>
      <rects>
        <_>
          60 0 4 59 -1.</_>
        <_>
          62 0 2 59 2.</_></rects>
      <tilted>0</tilted></_>
    <_>
      <rects>
        <_>
          60 5 4 55 -1.</_>
        <_>
          62 5 2 55 2.</_></rects>
      <tilted>0</tilted></_>
    <_>
      <rects>
        <_>
          62 0 2 61 -1.</_>
        <_>
          63 0 1 61 2.</_></rects>
      <tilted>0</tilted></_>
    <_>
      <rects>
        <_>
          62 7 2 56 -1.</_>
        <_>
          63 7 1 56 2.</_></rects>
      <tilted>0</tilted></_>
    <_>
      <rects>
        <_>
          62 39 1 2 -1.</_>
        <_>
          62 40 1 1 2.</_></rects>
      <tilted>0</tilted></_>
    <_>
      <rects>
        <_>
          62 41 1 2 -1.</_>
        <_>
          62 42 1 1 2.</_></rects>
      <tilted>0</tilted></_></features></cascade>
</opencv_storage>
