<?xml version="1.0"?>
<opencv_storage>
<stage1>
  <maxWeakCount>5</maxWeakCount>
  <stageThreshold>-5.7703483104705811e-01</stageThreshold>
  <weakClassifiers>
    <_>
      <internalNodes>
        0 -1 3750844 -2.2463067434728146e-03</internalNodes>
      <leafValues>
        8.3486241102218628e-01 -5.3198128938674927e-01</leafValues></_>
    <_>
      <internalNodes>
        0 -1 7023105 -1.1085143778473139e-03</internalNodes>
      <leafValues>
        8.5697406530380249e-01 -2.5828519463539124e-01</leafValues></_>
    <_>
      <internalNodes>
        0 -1 795158 1.6113564372062683e-01</internalNodes>
      <leafValues>
        2.1835620701313019e-01 -1.</leafValues></_>
    <_>
      <internalNodes>
        0 -1 503754 -9.4885095953941345e-02</internalNodes>
      <leafValues>
        -8.1782460212707520e-01 2.3991689085960388e-01</leafValues></_>
    <_>
      <internalNodes>
        0 -1 5475867 -2.8083659708499908e-03</internalNodes>
      <leafValues>
        9.4043958187103271e-01 -2.4504144489765167e-01</leafValues></_></weakClassifiers></stage1>
</opencv_storage>
