<?xml version="1.0"?>
<opencv_storage>
<stage2>
  <maxWeakCount>7</maxWeakCount>
  <stageThreshold>-1.3379999399185181e+00</stageThreshold>
  <weakClassifiers>
    <_>
      <internalNodes>
        0 -1 8095889 -3.4012000542134047e-03</internalNodes>
      <leafValues>
        9.5652174949645996e-01 -5.1367783546447754e-01</leafValues></_>
    <_>
      <internalNodes>
        0 -1 7002559 -1.5902305021882057e-03</internalNodes>
      <leafValues>
        8.7034267187118530e-01 -2.1757386624813080e-01</leafValues></_>
    <_>
      <internalNodes>
        0 -1 7051305 1.0766760169644840e-05</internalNodes>
      <leafValues>
        2.9577735066413879e-01 -7.4597859382629395e-01</leafValues></_>
    <_>
      <internalNodes>
        0 -1 4195181 1.3217137893661857e-03</internalNodes>
      <leafValues>
        -2.5449088215827942e-01 8.7499374151229858e-01</leafValues></_>
    <_>
      <internalNodes>
        0 -1 7051305 -2.1490865037776530e-05</internalNodes>
      <leafValues>
        -7.1397840976715088e-01 3.0609709024429321e-01</leafValues></_>
    <_>
      <internalNodes>
        0 -1 6082218 2.0111396443098783e-03</internalNodes>
      <leafValues>
        -2.2780391573905945e-01 9.0115845203399658e-01</leafValues></_>
    <_>
      <internalNodes>
        0 -1 6196642 -4.2121246224269271e-05</internalNodes>
      <leafValues>
        -6.7131489515304565e-01 2.9374757409095764e-01</leafValues></_></weakClassifiers></stage2>
</opencv_storage>
