<?xml version="1.0"?>
<opencv_storage>
<stage4>
  <maxWeakCount>8</maxWeakCount>
  <stageThreshold>-1.1674367189407349e+00</stageThreshold>
  <weakClassifiers>
    <_>
      <internalNodes>
        0 -1 8097217 -2.8431047685444355e-03</internalNodes>
      <leafValues>
        8.4158414602279663e-01 -5.1617872714996338e-01</leafValues></_>
    <_>
      <internalNodes>
        0 -1 1451358 3.5637591034173965e-02</internalNodes>
      <leafValues>
        -3.1734439730644226e-01 5.9654170274734497e-01</leafValues></_>
    <_>
      <internalNodes>
        0 -1 4202014 5.6501303333789110e-04</internalNodes>
      <leafValues>
        -2.9866006970405579e-01 5.8806377649307251e-01</leafValues></_>
    <_>
      <internalNodes>
        0 -1 7250916 5.8341007679700851e-03</internalNodes>
      <leafValues>
        -1.5457890927791595e-01 9.3446612358093262e-01</leafValues></_>
    <_>
      <internalNodes>
        0 -1 7655778 -2.1562119945883751e-03</internalNodes>
      <leafValues>
        9.2182350158691406e-01 -1.1535952985286713e-01</leafValues></_>
    <_>
      <internalNodes>
        0 -1 1035322 7.2656059637665749e-03</internalNodes>
      <leafValues>
        -1.8134231865406036e-01 7.2028446197509766e-01</leafValues></_>
    <_>
      <internalNodes>
        0 -1 3522425 -2.6405770331621170e-02</internalNodes>
      <leafValues>
        6.8456429243087769e-01 -2.3254774510860443e-01</leafValues></_>
    <_>
      <internalNodes>
        0 -1 5101147 -2.0556850358843803e-02</internalNodes>
      <leafValues>
        6.8208187818527222e-01 -2.5305178761482239e-01</leafValues></_></weakClassifiers></stage4>
</opencv_storage>
