<?xml version="1.0"?>
<opencv_storage>
<stage0>
  <maxWeakCount>6</maxWeakCount>
  <stageThreshold>-1.1890324354171753e+00</stageThreshold>
  <weakClassifiers>
    <_>
      <internalNodes>
        0 -1 655381 -9.3865916132926941e-02</internalNodes>
      <leafValues>
        6.0483872890472412e-01 -7.9681277275085449e-01</leafValues></_>
    <_>
      <internalNodes>
        0 -1 3771453 -2.2149928845465183e-03</internalNodes>
      <leafValues>
        8.7015730142593384e-01 -3.7297543883323669e-01</leafValues></_>
    <_>
      <internalNodes>
        0 -1 5813092 -1.5296889469027519e-02</internalNodes>
      <leafValues>
        4.1927707195281982e-01 -6.1071062088012695e-01</leafValues></_>
    <_>
      <internalNodes>
        0 -1 7008866 -3.7801021244376898e-03</internalNodes>
      <leafValues>
        8.3778047561645508e-01 -2.9845711588859558e-01</leafValues></_>
    <_>
      <internalNodes>
        0 -1 8101401 2.2679319954477251e-05</internalNodes>
      <leafValues>
        2.9811868071556091e-01 -8.9036989212036133e-01</leafValues></_>
    <_>
      <internalNodes>
        0 -1 7856801 -2.3957262746989727e-03</internalNodes>
      <leafValues>
        5.9180486202239990e-01 -4.0226960182189941e-01</leafValues></_></weakClassifiers></stage0>
</opencv_storage>
