<?xml version="1.0"?>
<opencv_storage>
<stage7>
  <maxWeakCount>8</maxWeakCount>
  <stageThreshold>-6.2464123964309692e-01</stageThreshold>
  <weakClassifiers>
    <_>
      <internalNodes>
        0 -1 3468512 2.7899129781872034e-03</internalNodes>
      <leafValues>
        -4.5269286632537842e-01 9.6825397014617920e-01</leafValues></_>
    <_>
      <internalNodes>
        0 -1 8072988 -1.0241923853754997e-02</internalNodes>
      <leafValues>
        7.5935912132263184e-01 -2.3606353998184204e-01</leafValues></_>
    <_>
      <internalNodes>
        0 -1 251298 1.3900022167945281e-05</internalNodes>
      <leafValues>
        1.9750894606113434e-01 -9.0204590559005737e-01</leafValues></_>
    <_>
      <internalNodes>
        0 -1 5174479 3.2345431391149759e-03</internalNodes>
      <leafValues>
        -1.7681989073753357e-01 8.1690448522567749e-01</leafValues></_>
    <_>
      <internalNodes>
        0 -1 7383701 5.9617832448566332e-06</internalNodes>
      <leafValues>
        2.7968770265579224e-01 -6.9003075361251831e-01</leafValues></_>
    <_>
      <internalNodes>
        0 -1 6501464 1.3795818667858839e-03</internalNodes>
      <leafValues>
        -2.7262514829635620e-01 6.4739847183227539e-01</leafValues></_>
    <_>
      <internalNodes>
        0 -1 2749614 7.0687656261725351e-06</internalNodes>
      <leafValues>
        3.1592360138893127e-01 -5.6176710128784180e-01</leafValues></_>
    <_>
      <internalNodes>
        0 -1 7180728 7.5743644265457988e-04</internalNodes>
      <leafValues>
        -2.7956002950668335e-01 6.3762384653091431e-01</leafValues></_></weakClassifiers></stage7>
</opencv_storage>
