<?xml version="1.0"?>
<opencv_storage>
<stage5>
  <maxWeakCount>7</maxWeakCount>
  <stageThreshold>-1.0064750909805298e+00</stageThreshold>
  <weakClassifiers>
    <_>
      <internalNodes>
        0 -1 497997 -7.9397615045309067e-03</internalNodes>
      <leafValues>
        -4.6865671873092651e-01 8.0000001192092896e-01</leafValues></_>
    <_>
      <internalNodes>
        0 -1 4244337 -1.7170852422714233e-01</internalNodes>
      <leafValues>
        4.1227117180824280e-01 -5.0144660472869873e-01</leafValues></_>
    <_>
      <internalNodes>
        0 -1 3728644 -1.0490889508218970e-05</internalNodes>
      <leafValues>
        -7.2595906257629395e-01 3.1779435276985168e-01</leafValues></_>
    <_>
      <internalNodes>
        0 -1 3728644 6.6143879848823417e-06</internalNodes>
      <leafValues>
        3.7382185459136963e-01 -7.6295703649520874e-01</leafValues></_>
    <_>
      <internalNodes>
        0 -1 8101248 1.4797765288676601e-05</internalNodes>
      <leafValues>
        9.4624273478984833e-02 -7.8989249467849731e-01</leafValues></_>
    <_>
      <internalNodes>
        0 -1 7462909 -2.1542087779380381e-05</internalNodes>
      <leafValues>
        -8.4656327962875366e-01 1.7117428779602051e-01</leafValues></_>
    <_>
      <internalNodes>
        0 -1 5808804 1.4165148968459107e-05</internalNodes>
      <leafValues>
        1.4299230277538300e-01 -8.4038406610488892e-01</leafValues></_></weakClassifiers></stage5>
</opencv_storage>
