<?xml version="1.0"?>
<opencv_storage>
<stage3>
  <maxWeakCount>5</maxWeakCount>
  <stageThreshold>-7.7540606260299683e-01</stageThreshold>
  <weakClassifiers>
    <_>
      <internalNodes>
        0 -1 15208 -5.1845382899045944e-02</internalNodes>
      <leafValues>
        -7.7637130022048950e-01 4.2753621935844421e-01</leafValues></_>
    <_>
      <internalNodes>
        0 -1 7008872 -4.2974464595317841e-03</internalNodes>
      <leafValues>
        9.1894739866256714e-01 -3.6171296238899231e-01</leafValues></_>
    <_>
      <internalNodes>
        0 -1 5972521 2.6274258270859718e-03</internalNodes>
      <leafValues>
        -3.1497421860694885e-01 7.6814842224121094e-01</leafValues></_>
    <_>
      <internalNodes>
        0 -1 1673218 -2.6210658688796684e-05</internalNodes>
      <leafValues>
        -7.3438954353332520e-01 3.6111781001091003e-01</leafValues></_>
    <_>
      <internalNodes>
        0 -1 979407 -1.1510113254189491e-03</internalNodes>
      <leafValues>
        -7.5512444972991943e-01 3.1653463840484619e-01</leafValues></_></weakClassifiers></stage3>
</opencv_storage>
