<?xml version="1.0"?>
<opencv_storage>
<stage6>
  <maxWeakCount>5</maxWeakCount>
  <stageThreshold>-6.3841950893402100e-01</stageThreshold>
  <weakClassifiers>
    <_>
      <internalNodes>
        0 -1 5808804 -1.1221334716537967e-05</internalNodes>
      <leafValues>
        -8.8612097501754761e-01 -2.1321962121874094e-03</leafValues></_>
    <_>
      <internalNodes>
        0 -1 1445319 3.5616161767393351e-05</internalNodes>
      <leafValues>
        1.6530150175094604e-01 -8.3271819353103638e-01</leafValues></_>
    <_>
      <internalNodes>
        0 -1 1445319 -2.1748774088337086e-05</internalNodes>
      <leafValues>
        -6.6437190771102905e-01 3.0972081422805786e-01</leafValues></_>
    <_>
      <internalNodes>
        0 -1 110102 -9.6377190202474594e-03</internalNodes>
      <leafValues>
        -2.8643822669982910e-01 7.8588467836380005e-01</leafValues></_>
    <_>
      <internalNodes>
        0 -1 137799 -2.3366032110061496e-05</internalNodes>
      <leafValues>
        -8.2487142086029053e-01 2.3451110720634460e-01</leafValues></_></weakClassifiers></stage6>
</opencv_storage>
