<?xml version="1.0"?>
<opencv_storage>
<stage8>
  <maxWeakCount>7</maxWeakCount>
  <stageThreshold>-8.1751811504364014e-01</stageThreshold>
  <weakClassifiers>
    <_>
      <internalNodes>
        0 -1 754635 3.0868696048855782e-02</internalNodes>
      <leafValues>
        -5.2305245399475098e-01 6.5289258956909180e-01</leafValues></_>
    <_>
      <internalNodes>
        0 -1 7383701 -1.6639052773825824e-05</internalNodes>
      <leafValues>
        -8.4309911727905273e-01 2.3648454248905182e-01</leafValues></_>
    <_>
      <internalNodes>
        0 -1 3340306 -3.6847781389951706e-02</internalNodes>
      <leafValues>
        6.5647530555725098e-01 -2.7845329046249390e-01</leafValues></_>
    <_>
      <internalNodes>
        0 -1 8059174 6.1276732012629509e-03</internalNodes>
      <leafValues>
        -1.7578527331352234e-01 8.5889869928359985e-01</leafValues></_>
    <_>
      <internalNodes>
        0 -1 73023 1.7329858615994453e-02</internalNodes>
      <leafValues>
        -1.3467548787593842e-01 8.6738580465316772e-01</leafValues></_>
    <_>
      <internalNodes>
        0 -1 387257 -7.3058567941188812e-03</internalNodes>
      <leafValues>
        7.2061008214950562e-01 -2.0118141174316406e-01</leafValues></_>
    <_>
      <internalNodes>
        0 -1 5941590 1.2273628090042621e-04</internalNodes>
      <leafValues>
        2.5914528965950012e-01 -9.2287176847457886e-01</leafValues></_></weakClassifiers></stage8>
</opencv_storage>
