<?xml version="1.0"?>
<opencv_storage>
<stage9>
  <maxWeakCount>7</maxWeakCount>
  <stageThreshold>-8.5328733921051025e-01</stageThreshold>
  <weakClassifiers>
    <_>
      <internalNodes>
        0 -1 8070756 -1.5273375436663628e-02</internalNodes>
      <leafValues>
        7.5000000000000000e-01 -4.7734138369560242e-01</leafValues></_>
    <_>
      <internalNodes>
        0 -1 4235920 2.9069389711366966e-05</internalNodes>
      <leafValues>
        -3.1755080819129944e-01 5.4269206523895264e-01</leafValues></_>
    <_>
      <internalNodes>
        0 -1 7026156 -9.0410921984585002e-06</internalNodes>
      <leafValues>
        4.5507091283798218e-01 -3.6191251873970032e-01</leafValues></_>
    <_>
      <internalNodes>
        0 -1 747780 1.3579653576016426e-02</internalNodes>
      <leafValues>
        -2.5008529424667358e-01 5.3032463788986206e-01</leafValues></_>
    <_>
      <internalNodes>
        0 -1 7284671 -5.1762606744887307e-05</internalNodes>
      <leafValues>
        6.6442525386810303e-01 -2.1520704030990601e-01</leafValues></_>
    <_>
      <internalNodes>
        0 -1 2543875 -9.0141998953185976e-05</internalNodes>
      <leafValues>
        -6.9916826486587524e-01 2.2724761068820953e-01</leafValues></_>
    <_>
      <internalNodes>
        0 -1 7981346 1.2011766433715820e-02</internalNodes>
      <leafValues>
        -2.2863779962062836e-01 6.8034261465072632e-01</leafValues></_></weakClassifiers></stage9>
</opencv_storage>
